Success,Comment
"[False, 'def register(self, app: ""Flask"", options: dict) -> None:\n    """"""\n    Registers the current Blueprint with the Flask application.\n\n    This method checks if a Blueprint with the same name already exists and raises an error if it does.\n    It then adds the Blueprint to the application\'s blueprints dictionary and updates various internal state variables.\n\n    Args:\n        app (Flask): The Flask application instance.\n        options (dict): A dictionary of options for the Blueprint registration process.\n\n    Raises:\n        ValueError: If a Blueprint with the same name already exists in the application.\n    """"""']","[True, '""""""\nTest the functionality of a Flask application with nested subdomains.\n\nThis function tests that a Flask application can be configured to use a parent and child Blueprint, \nwith the child Blueprint accessible at a subdomain. The test verifies that the client can successfully \naccess the child endpoint without encountering any redirects.\n\nParameters:\napp (Flask): The Flask application instance.\nclient (Client): The client instance used for testing.\n\nReturns:\nNone\n""""""']","[True, '""""""\nReturns the string \'child\'.\n\nThis function is likely part of a larger application or framework and serves as an index or entry point. The returned value suggests that it may be used to navigate to a child component or page.\n\nArgs:\n\nNone\n\nReturns:\nstr: The string \'child\'\n\nRaises:\nNo exceptions are expected to be raised by this function.\n""""""']","[True, '""""""\nTest that a child Blueprint overrides the parent\'s subdomain.\n\nThis test ensures that when accessing the root URL of the application,\nthe child Blueprint is used instead of the parent, even if the request\nis made to the parent\'s subdomain. This is necessary because Flask does not\ndefault to using the child Blueprint when a request is made to the parent\'s\nsubdomain.\n\nThe test creates two Blueprints: one for the parent and one for the child.\nIt then registers the child Blueprint with the parent, but only after setting\nthe `client.allow_subdomain_redirects` flag to True. This allows the client\nto make requests to the parent\'s subdomain without being redirected to the root.\n\nFinally, the test makes two GET requests: one to the root URL of the application,\nand one to the parent\'s subdomain. The first request should return a 200 status\ncode, indicating that the child Blueprint was used. The second request should\nreturn a 404 status code, indicating that the parent Blueprint was not used.\n\nThis test ensures that the child Blueprint is correctly overridden by the parent\nwhen accessing the root URL of the application.\n""""""']","[True, '""""""\nReturns the string \'child\'.\n\nThis function is likely part of a larger application or framework and serves as an index or entry point. The returned value suggests that it may be used to navigate to a child component or page.\n\nArgs:\n\nNone\n\nReturns:\nstr: The string \'child\'\n\nRaises:\nNo exceptions are expected to be raised by this function.\n""""""']"
"[False, 'def register(self, app: ""Flask"", options: dict) -> None:\n    """"""\n    Registers the current class instance as a Blueprint in the given Flask application.\n\n    Args:\n        app (Flask): The Flask application to register with.\n        options (dict): A dictionary of options for the registration process.\n\n    Raises:\n        ValueError: If a name conflict occurs while registering the Blueprint.\n\n    Returns:\n        None\n    """"""\n    # ... (rest of the code remains the same)']","[True, '""""""\nTest that a child Blueprint overrides the parent\'s subdomain.\n\nThis test ensures that when accessing the root URL of the application,\nthe child Blueprint is used instead of the parent, even if the request\nis made to the parent\'s subdomain. This is necessary because Flask does not\ndefault to using the child Blueprint when a request is made to the parent\'s\nsubdomain.\n\nThe test creates two Blueprints: one for the parent and one for the child.\nIt then registers the child Blueprint with the parent, but only after setting\nthe `client.allow_subdomain_redirects` flag to True. This allows the client\nto make requests to the parent\'s subdomain without being redirected to the root.\n\nFinally, the test makes two GET requests: one to the root URL of the application,\nand one to the parent\'s subdomain. The first request should return a 200 status\ncode, indicating that the child Blueprint was used. The second request should\nreturn a 404 status code, indicating that the parent Blueprint was not used.\n\nThis test ensures that the child Blueprint is correctly overridden by the parent\nwhen accessing the root URL of the application.\n""""""']"







"[True, '""""""\nTest application tearing down with unhandled exception.\n\nThis test case verifies that the application properly tears down when an unhandled exception is raised during request processing.\nIt sets up a Flask app, configures it to propagate exceptions, and then attempts to access a route that raises a ValueError.\nThe teardown_appcontext decorator is used to catch any exceptions that occur during request processing and store them in the cleanup_stuff list.\nFinally, the test asserts that one exception was caught and that its message matches the expected value.\n\nArgs:\n    app (Flask): The Flask application instance.\n    client (Client): The test client instance.\n\nRaises:\n    ValueError: If the test fails to catch an unhandled exception.\n""""""']","[True, '""""""\nRaises a ValueError with a dummy message.\n \nParameters:\n None\n \n Returns:\n None\n \n Raises:\n ValueError: Dummy error message.\n """"""']","[False, '""""""\nTest the functionality of Flask\'s static route with host matching.\n\nThis test case checks that a Flask application can serve static files from a URL\nthat matches the `static_host` configuration. It also tests error cases where\neither `host_matching` or `static_host` are not provided, and when `host_matching`\nis provided but `static_folder` is not.\n\nArgs:\n    None\n\nReturns:\n    None\n\nRaises:\n    AssertionError: If any of the test assertions fail.\n""""""\n\ndef _static_route_with_host_matching():\n    app = flask.Flask(__name__, host_matching=True, static_host=""example.com"")\n    c = app.test_client()\n    rv = c.get(""http://example.com/static/index.html"")\n    assert rv.status_code == 200\n    rv.close()\n    with app.test_request_context():\n        rv = flask.url_for(""static"", filename=""index.html"", _external=True)\n        assert rv == ""http://example.com/static/index.html""\n    # Providing static_host without host_matching=True should error.\n    with pytest.raises(AssertionError):\n        flask.Flask(__name__, static_host=""example.com"")\n    # Providing host_matching=True with static_folder\n    # but without static_host should error.\n    with pytest.raises(AssertionError):\n        flask.Flask(__name__, host_matching=True)\n    # Providing host_matching=True without static_host\n    # but with static_folder=None should not error.\n    flask.Flask(__name__, host_matching=True, static_folder=None)']"



